line_text,pos,neg,neu,polarity,subjectivity
"I love this sunny weather, but I hate the heat.",0.0,0.39299827814102173,0.6070017218589783,-0.15000000000000002,0.75
This movie is amazing!,0.0,0.9824380278587341,0.01756197214126587,0.7500000000000001,0.9
I am not sure about this product.,0.0,0.7700507044792175,0.22994929552078247,-0.25,0.8888888888888888
The service was terrible.,0.0,0.927603006362915,0.07239699363708496,-1.0,1.0
